token_id,decoded,source
41905, endurance,random
1639, ser,random
48598,されました,random
16049, Rud,random
9144,Ste,random
48265, foc,random
6717, prés,random
44348, Пор,random
48540,'amour,random
58469, Darstellung,random
35741, manga,random
27651, horizon,random
1952,rent,random
6140, mob,random
14328,rightarrow,random
15247, acting,random
39453, modelling,random
1739, cent,random
36781, generous,random
13031,である,random
46925, Fashion,random
45962, enumer,random
14446, inequ,random
38618, indirectly,random
18231,wich,random
53046, naw,random
56970, Kindergarten,random
425,<|reserved_415|>,random
49729,zog,random
52810, motives,random
